municipality_name,municipality_code,loans_per_population_2022,loans_per_population_2021,loans_per_population_2020,loans_per_population_2019,loans_per_population_2018,loans_per_population_2017,loans_per_population_2016,loans_per_population_2015,loans_per_population_2014,loans_per_population_2013,loans_per_population_2012
Akaa,020,11.75,11.03,9.83,12.04,11.9,12.14,13.44,13.92,14.22,14.7,15.29
Alajärvi,005,20.51,19.27,16.15,19.94,18.66,17.28,16.76,16.18,16.53,19.54,20.08
Alavieska,009,17.25,16.32,16.29,20.4,20.69,22.47,22.05,22.91,22.11,23.2,25.69
Alavus,010,14.77,14.94,13.26,16.47,15.97,16.39,15.31,15.81,17.1,17.39,19.64
Asikkala,016,12.66,12.2,10.99,12.26,11.43,12.11,11.29,12.11,12.27,12.81,12.34
Askola,018,8.23,7.88,7.51,9.42,10.14,10.14,11.94,12.03,12.32,12.1,14.42
Aura,019,18.86,17.74,16.79,18.49,18.34,17.92,17.76,18.59,20.39,20.72,21.89
Enonkoski,046,12.87,13.61,12.35,13.6,12.88,12.64,12.63,11.73,11.29,11.61,11.89
Enontekiö,047,17.52,20.77,16.8,21.62,20,16.95,18.93,17.93,19.54,23.01,24.14
Espoo,049,13.08,11.34,10.96,14.92,14.91,14.54,15.46,14.99,15.57,15.73,16.6
Eura,050,17.43,16.7,14.15,17.9,17.2,15.59,9.68,15.61,15.88,16.19,16.62
Eurajoki,051,14.39,14.12,13.51,15.86,15.88,16.5,17.6,20.59,22.44,24.05,24.64
Evijärvi,052,23.97,23.26,21.13,23.75,18.53,14.47,20.42,21.16,19.16,19.11,17.44
Forssa,061,11.76,11.54,11.35,13.61,13.42,13.79,14.53,15.53,15.98,16.66,17.01
Haapajärvi,069,12.86,12.84,11.79,14.93,14.85,16.72,16.03,17.12,16.71,18.27,18.8
Haapavesi,071,18.74,16.98,15.01,18.6,16.91,17.76,17.56,17.87,17.56,19.14,21.43
Hailuoto,072,16.57,14.69,11.88,10.06,9.72,9.01,8.26,11.13,11.7,11.63,11.79
Halsua,074,8.85,9.87,9.34,8.8,9.28,9.78,10.33,9.35,9.41,9.76,8.64
Hamina,075,12.33,12,11.4,13.92,13.72,14.47,13.45,15.54,15.13,15.91,16.16
Hankasalmi,077,13.41,13.53,12.24,13.7,14.13,13.91,13.22,13.66,14.59,15.23,17.74
Hanko,078,11.07,10.96,10.42,11.99,10.52,11.96,12.19,11.64,11.8,11.39,10.94
Harjavalta,079,15.24,15.91,14.23,17.09,16.74,17.46,18.2,18.15,17.72,17.53,17.85
Hartola,081,12.55,13.58,11.38,14.18,11.19,14.18,13.12,10.98,14.92,15.97,15.17
Hattula,082,12.16,12.42,12.68,13.87,12.42,12.63,12.92,12.38,14.48,15.33,16.78
Hausjärvi,086,10.88,11.04,9.36,10.06,9.46,9.93,11.32,10.54,11.93,12.65,13.53
Heinola,111,12.53,12.97,11.99,13.53,12.95,13.85,13.17,14.09,14.69,14.72,14.75
Heinävesi,090,11.72,12.33,12.48,18.36,15.17,15.47,16.79,15.49,15.46,15.59,16.31
Helsinki,091,13.31,11.95,11.14,14.52,13.96,14.08,14.78,14.22,14.39,14.8,15.58
Hirvensalmi,097,11.89,10.67,9.81,11.96,11.56,12.37,12.8,13.09,13.96,14.79,14.24
Hollola,098,11.53,11.56,10.49,11.73,11.16,12.31,11.06,12.93,14.86,17.52,17.75
Honkajoki,099,13.76,12.56,13.62,14.67,14.68,14.25,12.64,12.66,11.84,11.75,11.12
Huittinen,102,15.88,15.55,13.27,16.39,16.4,16.46,17.14,17.31,17.16,17.53,16.56
Humppila,103,9.56,8.45,8.41,9.68,10.48,10.9,11.4,10.78,9.56,9.32,10.78
Hyrynsalmi,105,6.91,7.67,6.81,8.19,7.89,7.54,8.58,9.07,9.39,10.18,10.03
Hyvinkää,106,12.95,11.13,11.71,14.28,14.18,14.57,16.17,16.71,17.45,18.15,18.02
Hämeenkyrö,108,11.42,10.97,10.23,13.91,14.39,15.28,14.6,14.96,15.89,16.6,16.61
Hämeenlinna,109,15.49,15,11.93,15.54,15.46,15.5,16.22,16.88,17.54,18.2,19.12
Ii,139,18.25,17.07,14.71,17.29,17.67,17.07,17.96,18.73,20.07,21.67,21.56
Iisalmi,140,15.92,15.4,13.75,16.6,16.98,18.16,18.83,18.78,19.99,19.96,20.58
Iitti,142,14.73,15.36,13.87,16.23,15.63,15.29,15.62,17.13,17.63,17.85,17.36
Ikaalinen,143,12.67,12.89,11.1,13.45,13.13,14.31,14.03,13.13,13.45,12.58,12.53
Ilmajoki,145,14.87,13.37,12.25,14.46,13.94,12.75,13.2,13.11,14.05,14.71,13.95
Ilomantsi,146,10.86,10.7,9.68,11.47,11.25,11.52,11.71,11.22,11.46,12.25,12.81
Imatra,153,10.32,9.91,8.64,11.48,11.34,12.06,12.51,12.69,13.06,11.79,13.02
Inari,148,15.26,15.58,14.18,15.61,15.71,16.63,19.34,18.25,17.78,17.34,18.27
Inkoo,149,12.13,11.92,9.83,11.3,9.91,10.37,10.66,10.72,10.11,10.5,10.62
Isojoki,151,13.04,12.74,11.61,12.19,11.15,10.72,10.66,10.83,10.96,11.75,12.12
Isokyrö,152,17.45,19.32,14.01,16.71,16.19,17.29,18.35,18.02,18.06,17.99,18.02
Janakkala,165,15.12,15.31,14.11,17.37,16.78,16.3,16.6,16.66,17.37,17.99,19.17
Joensuu,167,18.38,18.38,15.42,19.02,18.46,19.22,19.34,20.12,20.04,21.06,22.44
Jokioinen,169,10.9,10.92,10.12,12.32,12.53,12.69,14.3,14.7,14.83,13.35,12.07
Joroinen,171,18.39,14.2,14.05,16.9,16.75,17.1,16.28,15.58,16.59,17.48,17.51
Joutsa,172,10.46,10.04,9.6,11.52,11.29,11.71,11.87,11.63,11.52,13.11,13.59
Juuka,176,10.92,10.46,9.2,11.76,12.18,12.46,12.9,12.64,14.27,16.45,17.53
Juupajoki,177,10.76,10.92,8.84,10.45,10.62,11.94,11.9,12.51,13.01,13.59,14.59
Juva,178,15.72,15.56,14.05,16.9,16.75,17.1,16.28,15.58,16.59,17.48,17.51
Jyväskylä,179,17.87,16,15.75,19.64,19.42,19.84,19.5,20.81,21.18,20.9,22.28
Jämijärvi,181,11.74,12.11,10.1,12.08,12.25,12.21,11.69,10.91,11.98,12.31,13.97
Jämsä,182,10.94,10.26,9.94,11.7,11.6,12.21,13.03,11.2,14.36,14.46,16.05
Järvenpää,186,15.52,14.75,14.05,15.2,16.11,16.65,16.1,16.98,17.19,18.01,18.35
Kaarina,202,18.41,15.69,17.83,20.35,18.25,15.51,17.94,18.17,17.69,17.92,16.34
Kaavi,204,15.77,15.82,13.81,16.98,16.64,16.47,16.56,16.46,16.89,17.57,16.25
Kajaani,205,13.91,14.63,12.92,15.96,16.32,16.7,17.53,18.36,18.77,19.29,19.19
Kalajoki,208,16.28,16.12,16.68,18.87,15.1,16.32,16.82,17,16.51,17.7,17.12
Kangasala,211,18.63,16.39,15.9,18.67,18.12,18.16,18.38,18.35,19.15,18.84,20
Kangasniemi,213,11.89,11.83,11.63,14.04,12.94,15.99,13.42,15.89,15.71,15.49,15.61
Kankaanpää,214,13.76,12.56,11.19,13.97,13.42,12.35,12.71,14.39,14.53,14.35,16.84
Kannonkoski,216,11.48,11.68,10.37,12.11,11.45,13.54,12.9,12.52,13.98,13.39,14.8
Kannus,217,15.68,14.57,12.77,14.84,15.1,15.84,14.86,15.93,16.05,16.34,16.71
Karijoki,218,14.36,13.08,13.18,14.26,14.85,15,13.2,12.28,11.8,15.03,16.36
Karkkila,224,13.77,11.65,11.31,14.6,13.93,14.11,13.88,16.23,18.94,19.36,18.58
Karstula,226,13.14,14.58,12.02,16.29,14.53,16.16,15.95,16.99,19.38,18.26,19.58
Karvia,230,11.78,11.26,10.89,12.01,11.77,11.04,11.42,13.33,13.73,13.11,12.74
Kaskinen,231,9.81,11.48,11.27,12.31,10.87,9.04,10.18,10.65,10.6,13.89,15.39
Kauhajoki,232,16.99,17.8,14.99,18.09,18.26,17.69,18.64,19.01,17.78,19.83,20.89
Kauhava,233,16.17,16.17,14.63,17.71,16.81,16.4,16.45,16.74,17.31,17.5,17.68
Kauniainen,235,26.09,24.55,21.69,25.39,25.04,25.62,26.23,25.02,23.81,23.21,23.5
Kaustinen,236,16.63,16.13,15.32,18.43,18.08,20.15,20.33,20.57,19.94,19.68,18.86
Keitele,239,14.16,14.22,12.6,16.4,16.04,15.26,15.82,16.52,18.03,19.15,17.99
Kemi,240,13.93,13.7,12.32,14.69,15.05,13.52,14.32,14.52,15.12,14.09,16.99
Kemijärvi,320,9.34,9.22,8.73,11.51,11.67,13.31,12.85,13.54,14.03,14.04,14.8
Keminmaa,241,12.07,11.95,9.86,13.22,12.05,11.92,12.6,14.06,15.57,16.34,15.65
Kemiönsaari,322,11.03,11,10.01,11.11,9.32,10.03,10.4,10.74,10.68,10.9,10.32
Kempele,244,18.65,17.41,15.87,18.3,18.17,17.38,17.77,18.57,19.9,20.59,20.64
Kerava,245,15.58,14.8,15.48,19.23,19.17,19.29,19.05,19.79,19.46,19.17,18.43
Keuruu,249,16.39,17.04,14.9,16.47,15.55,16.42,16.7,17.21,16.86,15.68,16.07
Kihniö,250,13.37,11.98,11.9,15.77,15.43,16.12,16.65,16.03,15.66,14.83,11.58
Kinnula,256,13.94,13.9,10.93,9.03,10.19,11.51,13.06,12.62,13,13.68,14.74
Kirkkonummi,257,13.35,11.66,8.53,12.56,13.65,14.72,17.04,19.26,19.99,20.54,21.08
Kitee,260,9.49,9.95,8.63,9.85,9.66,10.11,10.49,10.56,11.2,11.56,13.18
Kittilä,261,14.29,14.81,14.74,17.17,17.36,18.29,18.82,20.54,18.37,19.77,20.34
Kiuruvesi,263,15.65,15.57,13.48,16.33,16.68,17.12,18.53,19.65,19.8,19.88,19.8
Kivijärvi,265,9.81,8.69,6.29,8.56,9.3,9.02,9.46,8.28,9.04,9.29,10.9
Kokemäki,271,12.09,12.67,11.75,13.82,14.16,14.59,14.98,16.19,16.46,16.74,17.61
Kokkola,272,14.14,13.13,12.76,14.43,14.38,15.02,15.58,16.17,16.19,17.38,17.62
Kolari,273,14.35,14.48,12.74,15.07,14.19,14.72,16.35,18.21,18.08,18.59,19.37
Konnevesi,275,11.54,9.53,7.56,10.64,10.51,10.26,10.42,11.58,11.67,13.55,13.65
Kontiolahti,276,18.38,18.38,15.42,19.02,18.46,19.22,19.34,20.12,20.04,21.06,22.44
Korsnäs,280,8.19,8.34,8.14,10.04,9.64,10.44,10.15,10.37,11.2,11.45,10.88
Koski Tl,284,15.08,12.4,13.28,16.49,18.92,16.91,16.38,17.28,18.72,18.16,19.32
Kotka,285,12.3,12.9,11.28,13.21,12.71,13.63,13.57,14.56,15.39,16.36,16.29
Kouvola,286,14.61,15.23,13.4,16.3,16.47,17.09,16.58,17.41,17.42,17.5,18.22
Kristiinankaupunki,287,12.18,10.75,10.27,11.37,11.27,11.36,11.29,11.23,10.73,10.61,8.98
Kruunupyy,288,15.48,15.25,12.7,16.32,15.01,15.49,15.13,16.37,15.59,16.17,16.58
Kuhmo,290,15.62,15.73,14.15,18.03,17.24,18.32,19.03,20.38,20.75,22.11,22.3
Kuhmoinen,291,14.61,12.87,15.37,17.08,19.67,17.91,18.75,17.2,16.91,17.13,17.47
Kuopio,297,15.77,15.82,13.81,16.98,16.64,16.47,16.56,16.46,16.89,17.57,19.05
Kuortane,300,14.75,14.58,11.95,14.33,13.71,13.19,13.14,13.3,14.95,15.14,16.77
Kurikka,301,17.31,17.57,14.28,17.17,17.06,15.23,15.56,16.6,15.34,16.95,17.79
Kustavi,304,14.06,13.23,12.36,12.89,13.44,11.8,10.97,10,10.65,10.71,10.5
Kuusamo,305,15.38,15.58,13.74,16.41,15.99,15.7,16.2,17.32,17.52,18.46,19.38
Kyyjärvi,312,13.93,14.72,13.35,15.56,15.98,17.35,16.6,16.9,17.41,15.72,17.01
Kärkölä,316,11.53,11.56,10.49,11.73,11.16,12.31,11.06,12.93,14.86,17.52,17.75
Kärsämäki,317,11.14,9.87,9.07,10.84,11.3,12.37,15.01,14.91,14.98,15.61,17.23
Lahti,398,15.4,15.21,14.22,17.06,15.62,17.22,17.51,20.44,20.83,21.66,22.5
Laihia,399,16.5,12.54,13.85,16.69,17.1,16.02,15.93,16.29,16.16,16.19,14.95
Laitila,400,13.82,12.58,12.84,15.96,16.3,16.57,15.52,15.46,15.48,16.09,14.83
Lapinjärvi,407,10.21,10.13,8.12,13.18,13.01,14.22,13.9,13.8,14.02,14.37,14.62
Lapinlahti,402,14.28,12.48,10.96,14.89,15.34,15.56,15.39,15.15,14.78,15.62,15.2
Lappajärvi,403,15.41,15.03,12.24,15.66,16.41,15.39,16.13,14.85,14.54,16.98,17.91
Lappeenranta,405,11.11,11.55,11.11,13.14,12.92,13.17,13.54,13.9,14.28,12.64,14.43
Lapua,408,15.86,16.44,13.38,16.61,15.9,15.23,14.74,16.09,16.66,17.42,18.11
Laukaa,410,17.92,17.93,16.07,17.42,17.14,16.98,16.7,16.82,17.26,16.52,18.21
Lemi,416,9.71,10.37,9.42,11.83,10.01,11.56,12,11.65,11.83,11.51,12.65
Lempäälä,418,19.25,17.72,14.01,19.07,19.01,19.49,20.54,20.03,19.95,19.98,20.08
Leppävirta,420,11.95,12.71,12.15,14.47,16.23,16.94,17.87,18.65,18.04,17.7,20.01
Lestijärvi,421,12.06,11.68,11.81,13.33,13.14,12.7,11.31,9.96,10.35,13.3,12.37
Lieksa,422,14.23,14.83,13.97,18.14,18.49,19.84,21.13,19.19,20.24,22.1,23.65
Lieto,423,13.76,12.79,12.74,13.85,13.67,5.52,13.33,12.63,14.37,15,13.58
Liminka,425,22.75,18.97,17.61,21.98,22.44,18.96,19.3,19.09,20.41,21.36,19
Liperi,426,18.38,18.38,15.42,19.02,18.46,19.22,19.34,20.12,20.04,21.06,22.44
Lohja,444,14.65,15.23,13.48,15.79,15.83,16.24,16.34,16.39,17.29,17.16,18.49
Loimaa,430,13.21,13.06,12.45,15.23,15.48,15.99,16.51,16.5,18.53,19.25,20.1
Loppi,433,9,8.71,7.67,9.73,9.42,9.22,9.16,9.58,9.72,10.21,10.51
Loviisa,434,8.34,7.96,7.41,8.48,6.94,10.28,12.53,12.84,13.64,14.57,14.88
Luhanka,435,9.07,10.16,8.54,9.4,8.36,8.3,8.79,10.12,10.58,9.93,9.82
Lumijoki,436,15.69,15.01,15.05,16.56,16.88,15.18,15.44,15.53,15.63,17.43,17.93
Luoto,440,21.82,22.19,18.95,21.27,23.62,22.09,20.74,20.95,22.24,21.75,22.33
Luumäki,441,13.95,13.86,12.41,13.39,11.02,11,12.53,12.92,13.12,12.26,12.6
Maalahti,475,9.49,10.46,9.09,12.12,12.01,12.04,11.51,11.33,11.59,10.98,11.15
Marttila,480,15.39,16.29,15.65,17.29,18.47,18.39,18.36,18.68,18.3,16.05,15.41
Masku,481,17.6,16.22,14.54,17.26,16.73,16.36,17.25,16.17,15.9,15.77,15.05
Merijärvi,483,21.53,21.56,18.52,19.35,19.76,19.28,20.13,19.34,19.8,20.61,23.18
Merikarvia,484,17.63,16.2,14.38,17.07,17.2,16.43,18.76,17.89,19.58,19.52,19.13
Miehikkälä,489,12.07,12.63,11.23,13.7,12.91,14.81,14.52,11.86,11.94,11.57,10.37
Mikkeli,491,11.89,10.67,9.81,11.96,11.56,12.37,12.8,13.09,13.96,14.79,14.24
Muhos,494,18.46,20.92,17.99,19.94,20.22,19.5,18.9,20.44,21.27,22.46,23.41
Multia,495,10.02,14.37,14.02,15.37,16.88,17.97,15.2,14.11,14.13,12.94,14.32
Muonio,498,20.65,22.66,19.48,20.77,16.76,16.42,16.36,17.2,17.98,20.19,21.94
Mustasaari,499,14.05,14.45,13.52,14.82,14.23,14.65,14.52,14.81,14.88,15.51,15.56
Muurame,500,21.03,20.38,18.52,20.98,18.2,18.27,17.91,18.48,19.59,20.39,21.16
Mynämäki,503,11.97,11.14,9.92,12.52,11.66,12.32,12.77,12.86,13.46,13.33,13.31
Myrskylä,504,5.65,6.74,6.16,7.88,6.85,7.55,7.75,7.15,7.27,6.99,8.22
Mäntsälä,505,10.88,9.24,9.5,11.37,10.18,10.51,10.36,17.59,16.02,16.24,16.52
Mänttä-Vilppula,508,14.53,14,13.37,14.92,14.57,14.94,15.25,15.15,14.94,14.43,14.4
Mäntyharju,507,12.85,13.87,12.19,15.54,15.16,16.06,17.65,16.55,17.67,17.05,16.74
Naantali,529,11.46,10.56,12.36,12.98,13.92,14.03,14.37,14,14.2,14.03,13.85
Nakkila,531,16.08,16.25,15.39,19.24,18.79,18.06,15.98,17.06,18.41,18.09,19.62
Nivala,535,17.39,15.74,14.7,19.43,17.44,18.88,19.02,19.12,18.76,19.89,20.45
Nokia,536,14.35,12.92,11.11,14.38,14.94,14.94,13.7,14.13,15.4,16.03,16.74
Nousiainen,538,12.71,12.22,11,13.3,14.55,15.08,15.65,15.22,16.77,17,16.83
Nurmes,541,16.85,16.18,13.71,17.38,19.19,21.13,22.62,23.89,25.33,25.36,24.67
Nurmijärvi,543,12.39,10.82,12.12,15,14.99,15.52,17.17,17.86,18.61,19.91,20.51
Närpiö,545,11.78,11.31,9.7,12.72,13.09,13.38,13.23,13.38,13.68,14.02,13.63
Orimattila,560,12.53,12.93,11.88,14.64,13.69,13.89,15.57,18.85,19.37,21.62,22.94
Oripää,561,10.26,10.35,9.54,10.37,10.66,12.02,11.25,11.82,12.58,13.09,12.99
Orivesi,562,15.92,14.63,14.26,17.33,17.19,17.8,18.32,17.88,17.97,19.24,19.14
Oulainen,563,15.03,14.74,13.4,16.01,15.43,15.77,16.41,16.61,17.38,18.68,18.58
Oulu,564,18.19,17.44,15.51,18.25,18.26,18.23,18.11,18.13,19.26,20.27,20.45
Outokumpu,309,18.38,18.38,15.42,19.02,18.46,19.22,19.34,20.12,20.04,21.06,22.44
Padasjoki,576,12.79,11.89,10.68,13.06,11.95,15.91,19.86,21.92,22.67,24.39,23.8
Paimio,577,16.34,12.8,14.41,15.8,15.77,14.89,14,15.11,14.02,13.89,12.74
Paltamo,578,13.02,13.17,12.42,17.37,16.13,15.63,16.23,17.23,18.3,18.17,16.93
Parainen,445,10.04,11.08,9.38,10.67,10.33,11.63,12.35,12.06,13.13,13.33,13.6
Parikkala,580,10.33,9.89,9.07,10.43,10.11,10.61,10.06,10.08,9.53,9.55,9.78
Parkano,581,14.43,13.76,12.12,16.3,15.63,13.4,13.15,16.74,17.06,17.35,15.77
Pedersören kunta,599,11.99,12.05,11.53,13.68,12.54,12.59,13.69,12.68,14.22,13.58,13.8
Pelkosenniemi,583,13.19,13.36,11.93,13.6,13.18,13.01,14.21,14.91,15.11,16.12,16.96
Pello,854,13.61,14.28,12.66,13.53,14.18,13.34,15.76,15.77,16.63,17.36,16.43
Perho,584,11.58,11.63,9.32,11.43,11.28,10.79,12.17,13.04,13.19,13.56,14.62
Pertunmaa,588,11.89,10.67,9.81,11.96,11.56,12.37,12.8,13.09,13.96,14.79,14.24
Petäjävesi,592,15.8,14.45,13,14.67,14.27,14.61,14.63,15.48,15.92,15.44,14.97
Pieksämäki,593,13.17,12.48,11.03,13.5,13.51,14.28,13.74,14.49,15.62,15.92,16.87
Pielavesi,595,13.51,12.71,12.17,17.08,16.11,16.05,16.03,12.89,16.04,16.8,17.13
Pietarsaari,598,14.55,15.1,13,14.43,13.45,13.73,15.03,15.99,16.13,15.82,17.09
Pihtipudas,601,16.4,15.53,13.32,16.73,16.67,17.09,15.13,15.33,16.84,16.4,16.98
Pirkkala,604,17.71,16.73,16.86,18.95,18.79,19.16,19.43,19.3,20.15,19.92,20.92
Polvijärvi,607,18.38,18.38,15.42,19.02,18.46,19.22,19.34,20.12,20.04,21.06,22.44
Pomarkku,608,9.62,9.32,9.49,10.99,11.52,11.54,12.27,11.47,11.07,10.22,10.12
Pori,609,16.08,16.25,15.39,19.24,18.79,18.06,19.05,19.67,20.74,21.64,21.98
Pornainen,611,9.43,8.78,9.8,11.29,11.1,10.93,13.36,13.61,14.73,16.37,16.26
Porvoo,638,14,12.38,12.26,14.94,13.39,13.95,15.81,16.35,16.38,16.67,17.08
Posio,614,12.17,11.99,9.8,13.12,11.53,10.4,11.62,11.84,11.82,12.39,14.08
Pudasjärvi,615,14.52,11.51,11.8,13.9,13.7,13.42,13.24,14.67,15.64,15.07,17.59
Pukkila,616,5.65,6.74,6.33,7.83,7.83,7.99,9.48,9.63,9.4,9.23,8.18
Punkalaidun,619,11.12,11.7,10.41,13.03,14.4,14.81,15.16,14.89,14.98,14.13,15.05
Puolanka,620,9.95,9.99,9.5,11.98,11.96,11.97,11.8,12.71,12.25,13.37,13.3
Puumala,623,11.89,10.67,9.81,11.96,11.56,12.37,12.8,13.09,13.96,14.79,14.24
Pyhtää,624,17.15,18.74,15.07,16.77,16.76,16.74,15.32,15.98,15.56,15.11,14.65
Pyhäjoki,625,14.76,12.72,12.67,14.23,14.2,15.44,15.15,15.14,18.03,18.31,18.18
Pyhäjärvi,626,12.86,12.84,11.79,14.93,14.85,16.72,16.03,17.12,16.71,18.27,18.8
Pyhäntä,630,18.39,15.62,18.27,18.68,16.82,19.56,20.38,23.84,22.52,25.68,21.95
Pyhäranta,631,3.91,3.29,2.93,2.33,2.09,2.06,4.73,5.5,4.63,4.59,4.09
Pälkäne,635,16.13,15.97,14.07,15.66,15.65,15.6,15.75,15.92,15.41,16.47,16.34
Pöytyä,636,14.97,14.31,12.46,15.88,14.63,13.5,13.68,14.69,16.13,17.17,17.04
Raahe,678,15.78,15.11,12.62,15.86,15.82,15.48,15.96,18.15,15.09,15.17,17.94
Raasepori,710,10.14,9.07,8.47,10.84,10.6,10.77,10.75,11.02,11.13,10.97,10.63
Raisio,680,18.17,15.69,18.22,19.92,19.33,19.68,21.22,22,21.44,21.42,22.43
Rantasalmi,681,18.39,14.2,14.05,16.9,16.75,17.1,16.28,15.58,16.59,17.48,17.51
Ranua,683,14.95,16.19,14.52,18.23,18.37,20.08,23.65,25.17,25.19,26.64,25.44
Rauma,684,17.02,16.9,16.25,18.98,18.87,18.88,19.95,20.52,20.82,21.47,21.77
Rautalampi,686,12.2,11.62,10.73,13.47,13.08,12.91,13.53,14.12,14.3,13.97,13.58
Rautavaara,687,8.02,7.54,7.02,8.44,7.25,6.67,7.92,8.34,8.4,9.94,10.68
Rautjärvi,689,9.83,10.59,10,11.36,11.49,11.35,12.04,12.22,12.75,11.2,14.21
Reisjärvi,691,14.52,12.92,11.69,15.46,14.37,13.58,14.47,15.15,14.7,16.33,18.41
Riihimäki,694,12.08,11.84,13.83,16.95,17.13,17.79,18.57,19.02,18.75,19.79,19.83
Ristijärvi,697,12.64,13.39,11.4,14.35,13.45,13.53,13.72,13.07,11.72,11.02,13.04
Rovaniemi,698,14.04,15.88,14.66,17.75,16.85,16.07,17.16,17.6,17.63,18.52,19.74
Ruokolahti,700,9.1,9.29,9.31,10.32,11.83,12.17,12.53,12.71,12.89,11.07,12.66
Ruovesi,702,13.45,13.02,11.82,15.37,15.27,14.56,15.44,15.87,16.82,17.56,17.32
Rusko,704,8.51,13.68,12.92,14.42,14.26,14.02,13.99,13.37,13.42,14.2,14.26
Rääkkylä,707,13.44,14.88,12.8,14.47,12.66,14.34,14.67,13.34,16.37,17.2,16.6
Saarijärvi,729,12.83,13.18,12.29,14.17,14.83,15.24,15.58,16.28,16.19,16.02,17.91
Salla,732,9.14,10.84,9.38,12.26,11.98,12.03,13.52,14.84,14.09,14.57,15.11
Salo,734,14.77,14.49,13.72,15.74,16.17,16.27,16.91,21.55,21.92,22.85,21.1
Sastamala,790,15.59,14.68,13.37,16.15,16.11,16.68,17.08,17.93,17.74,17.9,18.29
Sauvo,738,8.91,8.13,8.5,9.2,9.66,9.91,10.69,9.21,9.91,9.71,9.54
Savitaipale,739,12.23,12.44,10.41,12.44,13.41,13.65,13.6,14.88,15.27,13.47,14.67
Savonlinna,740,12.46,12.65,11,13.26,13.07,13.8,13.6,14.3,15.52,12.68,14.1
Savukoski,742,13.19,13.36,11.93,13.6,13.18,13.01,14.21,14.91,15.11,16.12,16.96
Seinäjoki,743,23.95,23.73,20.75,23.9,23.21,22.05,21.38,21.13,20.74,21.38,18.7
Sievi,746,13.64,13.52,13.45,16.22,16.78,19.14,19.63,19.45,18.52,19.56,20.12
Siikainen,747,11.97,11.42,10.51,11.49,10.73,12.52,13.71,12.72,12.67,12.67,14.24
Siikajoki,748,19.73,20.75,16.85,17.63,17.49,17.84,18.42,18.72,19.46,19.19,20.44
Siikalatva,791,9.85,9.01,7.95,10.05,9.85,10.04,11.1,10.98,11.7,13.25,13.21
Siilinjärvi,749,17.01,16.8,15.25,18.11,18.01,18.77,17.2,18.46,18.91,19.95,20.95
Simo,751,9.19,9.28,9.15,9.87,8.86,10.09,10.99,11.61,11.82,9.72,9.41
Sipoo,753,12.45,11.11,11.19,14.03,12.5,12.39,14.6,15.44,15.79,15.65,15.81
Siuntio,755,7,7.52,6.29,7.6,0,7.26,7.73,8.08,7.91,8.57,8.58
Sodankylä,758,13.19,13.36,11.93,13.6,13.18,13.01,14.21,14.91,15.11,16.12,16.96
Soini,759,18.68,20.46,17.11,17.73,15.77,14.72,15.33,15.37,15,17.92,22.77
Somero,761,14.01,14.47,13.37,15.49,15.2,15.97,16.98,16.82,18.28,19.3,20.43
Sonkajärvi,762,14.13,14.59,13.17,16,14.97,14.38,15.53,14.79,14.87,15.54,16.02
Sotkamo,765,12.69,14.09,12.42,14.99,14.81,14.92,17.38,17.25,18.41,19.06,20.46
Sulkava,768,15.26,17.08,15.57,16.12,15.51,15.37,16.22,17.25,20.01,21.26,21.53
Suomussalmi,777,14.74,14.93,12.73,15.7,14.89,14.46,14.97,15.73,16.82,18.14,17.5
Suonenjoki,778,7.53,6.28,7.88,10.61,9.88,10.12,10.82,11.76,11.89,12.62,13.05
Sysmä,781,10.95,10.59,9.86,12.02,9.49,15.55,16.01,15.55,14.89,14.58,14.13
Säkylä,783,11.53,11.47,10.47,12.25,11.91,10.73,10.58,10.59,10.53,10.5,11
Taipalsaari,831,14.31,13.05,12.45,14.81,13.75,13.54,14.37,14.35,14.27,12.37,12.7
Taivalkoski,832,14.39,14.58,13.33,14.71,13.42,14.79,13.36,17.96,19.25,19.01,20.68
Taivassalo,833,12.52,9.79,10.45,11.43,10.67,10.66,10.76,10.26,10.04,13.78,13.89
Tammela,834,11.25,12.35,11.83,11.65,11.65,12.72,13.45,11.98,11.86,11.96,11.06
Tampere,837,18.27,17.02,16.35,20.7,20.89,20.65,21.54,21.97,21.61,22.5,23.15
Tervo,844,10.86,11.69,9.24,11.02,10.47,11.01,9.39,9.54,10.88,11.58,12.26
Tervola,845,14.9,15.81,13.49,15.72,14.76,13.38,12.9,13,13.87,14.86,15.4
Teuva,846,11.03,11.73,10.95,12.94,12.37,13.27,14.06,13.85,14.94,16.68,16.92
Tohmajärvi,848,12.41,11.57,9.65,11.54,10.59,12.1,11.71,11.88,12.56,13.57,13.96
Toholampi,849,16.24,14.64,13.01,15.35,15.24,16.5,17.31,18.69,19.19,18.76,17.88
Toivakka,850,16.78,16.55,13.32,15.89,16.01,15.65,14.78,14.05,13.6,13.74,14.22
Tornio,851,8.75,10.03,8.94,10.75,11.64,10.62,11.4,11.79,11.25,10.76,10.9
Turku,853,16.55,14.9,14.13,16.31,16.13,16.36,16.49,16.73,16.43,16.79,16.39
Tuusniemi,857,15.77,15.82,13.81,16.98,16.64,16.47,16.56,16.46,16.89,17.57,18.06
Tuusula,858,12.49,10.47,10.95,12.65,12.35,12.77,12.94,13.37,14.19,14.69,15.62
Tyrnävä,859,14.72,14.95,14.19,16.29,16.51,15.96,15.46,17.05,17.81,18.22,18.13
Ulvila,886,14.69,14.08,12.99,13.76,14,13.38,14.16,15.47,15.6,15.97,17.31
Urjala,887,13.52,12.55,12.08,13.88,12.83,13.04,13.67,14.56,13.67,14.43,14.17
Utajärvi,889,20.48,18.62,15.68,15.32,17.82,16.05,15.87,17.48,19.16,18.73,20.2
Utsjoki,890,13.62,16.5,11.84,13.81,11.33,9.82,12.77,13.93,11.84,15.95,15.53
Uurainen,892,17.28,17.02,13.6,20.99,21.39,19.83,17.26,14.82,14.28,16.69,15.4
Uusikaarlepyy,893,11.35,12.25,11.75,13.24,12.51,12.93,13.26,12.41,12.23,11.77,11.31
Uusikaupunki,895,10.28,8.61,8.85,11.88,12.37,12.73,13.18,13.05,13.14,13.37,12.99
Vaala,785,14.02,9.65,9.55,10.97,14.4,16.04,16.67,16.55,18.18,19.51,22.18
Vaasa,905,14.28,14.69,14.25,16.22,16.27,16.8,17.16,18.33,18.35,20.17,21.21
Valkeakoski,908,13.83,12.83,13.2,15.34,15.79,15.77,15.62,15.69,16.17,16.31,16.66
Valtimo,911,16.85,16.18,13.71,12.53,11.87,13.32,13.88,13.92,13.44,13.86,14.63
Vantaa,92,9.77,8.87,8.15,11.23,11.31,11.79,12.65,12.59,13.73,13.59,14.3
Varkaus,915,9.64,9.95,8.86,11.26,11.26,12.08,12.29,13.04,14.51,16.23,17.04
Vehmaa,918,7.08,6.11,6.92,7.63,7.37,7.56,7.76,7.69,7.57,7.83,7.6
Vesanto,921,10.43,10.72,9.27,11.29,10.65,10.79,11.15,11.89,11.27,11.85,12.45
Vesilahti,922,15.93,14.97,14.08,17.51,14.6,15.22,15.37,15.88,17.1,18.54,18.3
Veteli,924,17.77,17.01,15,17.8,17.98,16.91,15.58,15.77,15.99,16.98,17.14
Vieremä,925,14.52,13.76,11.99,14.33,13.15,13.42,13.73,13.66,13.35,13.78,14.56
Vihti,927,17.34,14.24,14.34,19.25,17.74,17.4,17.1,17.16,18.07,18.33,18.42
Viitasaari,931,16.4,15.53,13.32,16.73,16.67,17.09,15.13,15.33,16.84,16.4,18.88
Vimpeli,934,16.61,15.56,14.08,16.72,15.21,11.98,13.01,14.56,14.41,14.98,14.82
Virolahti,935,12.43,13.6,12.54,13.61,13.42,15.63,12.98,13.45,14.42,14.34,14.11
Virrat,936,13.16,12.26,11.68,12.43,13.82,14.7,15.03,14.27,14.71,15.29,15.69
Vöyri,946,17.79,18.66,16,17.7,16.71,15.61,14.85,14.54,14.4,16.15,15.45
Ylitornio,976,13.61,14.28,12.66,13.53,14.18,13.34,15.76,15.77,16.63,17.36,16.43
Ylivieska,977,18.43,17.24,16.17,19.13,18.91,18.33,18.67,18.72,18.49,20.07,19.69
Ylöjärvi,980,18.73,16.1,15.85,19.38,19.5,20.11,20.71,20.95,21.31,21.41,22.31
Ypäjä,981,7.6,7.39,6.69,8.14,8.9,11.23,11.75,12.12,12.57,13.76,13.51
Ähtäri,989,13.07,12.13,10.54,12.08,10.47,10.15,9.67,11.55,13.49,14.64,15.18
Äänekoski,992,11.16,11.8,10.33,12.38,11.81,12.87,13.25,13.56,13.76,12.79,13.72
Koko maa,0,14.58,13.82,12.81,15.66,15.41,0,16.02,16.39,16.76,17.19,17.66
